{
  "__inputs": [
    {
      "name": "DS_AZURE_MONITOR",
      "label": "Azure Monitor",
      "description": "",
      "type": "datasource",
      "pluginId": "grafana-azure-monitor-datasource",
      "pluginName": "Azure Monitor"
    }
  ],
  "__elements": {},
  "__requires": [
    {
      "type": "grafana",
      "id": "grafana",
      "name": "Grafana",
      "version": "9.5.6"
    },
    {
      "type": "datasource",
      "id": "grafana-azure-monitor-datasource",
      "name": "Azure Monitor",
      "version": "1.0.0"
    },
    {
      "type": "panel",
      "id": "piechart",
      "name": "Pie chart",
      "version": ""
    },
    {
      "type": "panel",
      "id": "stat",
      "name": "Stat",
      "version": ""
    },
    {
      "type": "panel",
      "id": "table",
      "name": "Table",
      "version": ""
    },
    {
      "type": "panel",
      "id": "text",
      "name": "Text",
      "version": ""
    },
    {
      "type": "panel",
      "id": "timeseries",
      "name": "Time series",
      "version": ""
    }
  ],
  "annotations": {
    "list": [
      {
        "builtIn": 1,
        "datasource": {
          "type": "grafana",
          "uid": "-- Grafana --"
        },
        "enable": true,
        "hide": true,
        "iconColor": "rgba(0, 211, 255, 1)",
        "name": "Annotations & Alerts",
        "type": "dashboard"
      }
    ]
  },
  "description": "This dashboard provides an overview of the health and performance of the resources monitored in Azure Monitor enabled by the DNS 2016 Monitoring Starter Pack",
  "editable": true,
  "fiscalYearStartMonth": 0,
  "graphTooltip": 0,
  "id": null,
  "links": [],
  "liveNow": false,
  "panels": [
  ],
  "refresh": "",
  "schemaVersion": 38,
  "style": "dark",
  "tags": [],
  "templating": {
    "list": [
      {
        "current": {
          "selected": false,
          "text": "Azure Monitor",
          "value": "Azure Monitor"
        },
        "hide": 0,
        "includeAll": false,
        "label": "Datasource",
        "multi": false,
        "name": "Datasource",
        "options": [],
        "query": "grafana-azure-monitor-datasource",
        "refresh": 1,
        "regex": "",
        "skipUrlSync": false,
        "type": "datasource"
      },
      {
        "current": {},
        "datasource": {
          "type": "grafana-azure-monitor-datasource",
          "uid": "${DS_AZURE_MONITOR}"
        },
        "definition": "",
        "hide": 0,
        "includeAll": true,
        "label": "Subscriptions",
        "multi": true,
        "name": "Subscriptions",
        "options": [],
        "query": {
          "azureLogAnalytics": {
            "query": "",
            "resources": []
          },
          "queryType": "Azure Subscriptions",
          "refId": "A"
        },
        "refresh": 1,
        "regex": "",
        "skipUrlSync": false,
        "sort": 0,
        "type": "query"
      },
      {
        "current": {},
        "datasource": {
          "type": "grafana-azure-monitor-datasource",
          "uid": "${DS_AZURE_MONITOR}"
        },
        "definition": "",
        "hide": 0,
        "includeAll": true,
        "label": "Workspace(s)",
        "multi": true,
        "name": "Workspace",
        "options": [],
        "query": {
          "azureLogAnalytics": {
            "query": "",
            "resources": []
          },
          "queryType": "Azure Workspaces",
          "refId": "A",
          "subscription": "$Subscriptions"
        },
        "refresh": 1,
        "regex": "",
        "skipUrlSync": false,
        "sort": 0,
        "type": "query"
      },
      {
        "current": {},
        "datasource": {
          "type": "grafana-azure-monitor-datasource",
          "uid": "${DS_AZURE_MONITOR}"
        },
        "definition": "",
        "hide": 0,
        "includeAll": true,
        "label": "Resources",
        "multi": true,
        "name": "Resources",
        "options": [],
        "query": {
          "azureLogAnalytics": {
            "query": "",
            "resources": []
          },
          "azureResourceGraph": {
            "query": "resources\r\n| extend StarterPack = tags.MonitorStarterPacks\r\n| where StarterPack in (\"DNS2016\", \"WOS,DNS2016\") and type in (\"microsoft.hybridcompute/machines\", \"microsoft.compute/virtualmachines\")\r\n| project value = tolower(id), label = name"
          },
          "queryType": "Azure Resource Graph",
          "refId": "A",
          "subscriptions": [
            "$Subscriptions"
          ]
        },
        "refresh": 1,
        "regex": "",
        "skipUrlSync": false,
        "sort": 0,
        "type": "query"
      }
    ]
  },
  "time": {
    "from": "now-6h",
    "to": "now"
  },
  "timepicker": {},
  "timezone": "",
  "title": "Azure Monitor Starter Pack / DNS2016",
  "uid": "DNS2016MonStarPackDash",
  "version": 4
}